domain_type,percentage
com,87.14859437751004
org,7.6305220883534135
ca,3.0789825970548863
au,0.535475234270415
net,0.535475234270415
us,0.2677376171352075
biz,0.13386880856760375
br,0.13386880856760375
edu,0.13386880856760375
gov,0.13386880856760375
mil,0.13386880856760375
sg,0.13386880856760375
