domain_type,percentage
au,51.388888888888886
nz,27.77777777777778
com,16.666666666666668
,1.3888888888888888
ca,1.3888888888888888
org,1.3888888888888888
