domain_type,percentage
com,95.21028037383178
ca,2.336448598130841
net,1.1682242990654206
io,0.2336448598130841
au,0.11682242990654206
br,0.11682242990654206
comhome,0.11682242990654206
edu,0.11682242990654206
jobs,0.11682242990654206
nl,0.11682242990654206
org,0.11682242990654206
uk,0.11682242990654206
us,0.11682242990654206
